LOCALIDAD,INDICATIVO,BLOQUE
ARRECIFES,2478,412
ARRECIFES,2478,414
ARRECIFES,2478,413
ARRECIFES,2478,410
ARRECIFES,2478,411
ARRECIFES,2478,490
ARRECIFES,2478,497
ARRECIFES,2478,42
ARRECIFES,2478,499
ARRECIFES,2478,445
ARRECIFES,2478,498
ARRECIFES,2478,46
ARRECIFES,2478,520
ARRECIFES,2478,518
ARRECIFES,2478,519
ARRECIFES,2478,512
ARRECIFES,2478,522
ARRECIFES,2478,521
ARRECIFES,2478,514
ARRECIFES,2478,511
ARRECIFES,2478,513
ARRECIFES,2478,515
ARRECIFES,2478,516
ARRECIFES,2478,517
ARRECIFES,2478,526
ARRECIFES,2478,53
ARRECIFES,2478,565
ARRECIFES,2478,569
ARRECIFES,2478,568
ARRECIFES,2478,566
ARRECIFES,2478,567
ARRECIFES,2478,40
ARRECIFES,2478,494
ARRECIFES,2478,443
ARRECIFES,2478,441
ARRECIFES,2478,440
ARRECIFES,2478,442
ARRECIFES,2478,444
ARRECIFES,2478,473
ARRECIFES,2478,470
ARRECIFES,2478,474
ARRECIFES,2478,471
ARRECIFES,2478,472
ARRECIFES,2478,475
ARRECIFES,2478,477
ARRECIFES,2478,476
ARRECIFES,2478,478
ARRECIFES,2478,501
ARRECIFES,2478,500
ARRECIFES,2478,479
ARRECIFES,2478,503
ARRECIFES,2478,502
ARRECIFES,2478,510
ARRECIFES,2478,509
ARRECIFES,2478,508
ARRECIFES,2478,505
ARRECIFES,2478,504
ARRECIFES,2478,507
ARRECIFES,2478,506
ARRECIFES,2478,543
ARRECIFES,2478,542
ARRECIFES,2478,541
ARRECIFES,2478,540
ARRECIFES,2478,544
ARRECIFES,2478,524
ARRECIFES,2478,523
ARRECIFES,2478,525
ARRECIFES,2478,572
CAMPANA,3489,51
CAMPANA,3489,491
CAMPANA,3489,508
CAMPANA,3489,509
CAMPANA,3489,54
CAMPANA,3489,53
CAMPANA,3489,502
CAMPANA,3489,59
CAMPANA,3489,617
CAMPANA,3489,619
CAMPANA,3489,618
CAMPANA,3489,620
CAMPANA,3489,621
CAMPANA,3489,622
CAMPANA,3489,630
CAMPANA,3489,631
CAMPANA,3489,651
CAMPANA,3489,650
CAMPANA,3489,673
CAMPANA,3489,671
CAMPANA,3489,669
CAMPANA,3489,670
CAMPANA,3489,665
CAMPANA,3489,674
CAMPANA,3489,672
CAMPANA,3489,675
CAMPANA,3489,677
CAMPANA,3489,676
CAMPANA,3489,668
CAMPANA,3489,666
CAMPANA,3489,667
CAMPANA,3489,661
CAMPANA,3489,660
CAMPANA,3489,659
CAMPANA,3489,58
CAMPANA,3489,504
CAMPANA,3489,505
CAMPANA,3489,305
CAMPANA,3489,304
CAMPANA,3489,303
CAMPANA,3489,302
CAMPANA,3489,306
CAMPANA,3489,453
CAMPANA,3489,499
CAMPANA,3489,490
CAMPANA,3489,489
CAMPANA,3489,480
CAMPANA,3489,429
CAMPANA,3489,454
CAMPANA,3489,452
CAMPANA,3489,487
CAMPANA,3489,488
CAMPANA,3489,451
CAMPANA,3489,443
CAMPANA,3489,524
CAMPANA,3489,523
CAMPANA,3489,521
CAMPANA,3489,522
CAMPANA,3489,57
CAMPANA,3489,520
CAMPANA,3489,529
CAMPANA,3489,528
CAMPANA,3489,527
CAMPANA,3489,525
CAMPANA,3489,56
CAMPANA,3489,526
CAMPANA,3489,55
CAMPANA,3489,503
CAMPANA,3489,500
CAMPANA,3489,498
CAMPANA,3489,497
CAMPANA,3489,501
CAMPANA,3489,496
CAMPANA,3489,625
CAMPANA,3489,624
CAMPANA,3489,629
CAMPANA,3489,626
CAMPANA,3489,627
CAMPANA,3489,628
CAMPANA,3489,632
CAMPANA,3489,635
CAMPANA,3489,634
CAMPANA,3489,636
CAMPANA,3489,633
CAMPANA,3489,639
CAMPANA,3489,638
CAMPANA,3489,637
CAMPANA,3489,657
CAMPANA,3489,655
CAMPANA,3489,656
CAMPANA,3489,654
CAMPANA,3489,653
CAMPANA,3489,652
CAMPANA,3489,663
CAMPANA,3489,664
CAMPANA,3489,699
CAMPANA,3489,662
CAMPANA,3489,697
CAMPANA,3489,698
CAMPANA,3489,695
CAMPANA,3489,696
CAMPANA,3489,694
CAMPANA,3489,690
CAMPANA,3489,693
CAMPANA,3489,68
CAMPANA,3489,691
CAMPANA,3489,692
CAMPANA,3489,486
CAMPANA,3489,482
CAMPANA,3489,481
CAMPANA,3489,459
CAMPANA,3489,458
CAMPANA,3489,457
CAMPANA,3489,456
CAMPANA,3489,485
CAMPANA,3489,445
CAMPANA,3489,484
CAMPANA,3489,483
CAMPANA,3489,455
CAMPANA,3489,326
CAMPANA,3489,322
CAMPANA,3489,324
CAMPANA,3489,323
CAMPANA,3489,320
CAMPANA,3489,325
CAMPANA,3489,321
CAMPANA,3489,362
CAMPANA,3489,34
CAMPANA,3489,360
CAMPANA,3489,364
CAMPANA,3489,363
CAMPANA,3489,361
CAMPANA,3489,35
CAMPANA,3489,213
CAMPANA,3489,212
CAMPANA,3489,211
CAMPANA,3489,210
CAMPANA,3489,214
CAMPANA,3489,20
CAMPANA,3489,313
CAMPANA,3489,312
CAMPANA,3489,311
CAMPANA,3489,310
CAMPANA,3489,367
CAMPANA,3489,369
CAMPANA,3489,365
CAMPANA,3489,366
CAMPANA,3489,368
CAPILLA DEL SENIOR,2323,469
CAPITAN SARMIENTO,2478,416
CAPITAN SARMIENTO,2478,417
CAPITAN SARMIENTO,2478,415
CAPITAN SARMIENTO,2478,419
CAPITAN SARMIENTO,2478,418
CAPITAN SARMIENTO,2478,493
CAPITAN SARMIENTO,2478,496
CAPITAN SARMIENTO,2478,495
CAPITAN SARMIENTO,2478,449
CAPITAN SARMIENTO,2478,448
CAPITAN SARMIENTO,2478,447
CAPITAN SARMIENTO,2478,446
CAPITAN SARMIENTO,2478,557
CAPITAN SARMIENTO,2478,555
CAPITAN SARMIENTO,2478,556
CAPITAN SARMIENTO,2478,559
CAPITAN SARMIENTO,2478,558
CARMEN DE ARECO,2273,414
CARMEN DE ARECO,2273,411
CARMEN DE ARECO,2273,412
CARMEN DE ARECO,2273,413
CARMEN DE ARECO,2273,410
CARMEN DE ARECO,2273,415
CARMEN DE ARECO,2273,403
CARMEN DE ARECO,2273,404
CARMEN DE ARECO,2273,421
CARMEN DE ARECO,2273,420
CARMEN DE ARECO,2273,426
CARMEN DE ARECO,2273,427
CARMEN DE ARECO,2273,452
CARMEN DE ARECO,2273,450
CARMEN DE ARECO,2273,451
CARMEN DE ARECO,2273,453
CARMEN DE ARECO,2273,438
CARMEN DE ARECO,2273,417
CARMEN DE ARECO,2273,418
CARMEN DE ARECO,2273,419
CARMEN DE ARECO,2273,406
CARMEN DE ARECO,2273,409
CARMEN DE ARECO,2273,407
CARMEN DE ARECO,2273,408
CARMEN DE ARECO,2273,422
CARMEN DE ARECO,2273,405
CARMEN DE ARECO,2273,424
CARMEN DE ARECO,2273,425
CARMEN DE ARECO,2273,423
CARMEN DE ARECO,2273,433
CARMEN DE ARECO,2273,429
CARMEN DE ARECO,2273,430
CARMEN DE ARECO,2273,428
CARMEN DE ARECO,2273,431
CARMEN DE ARECO,2273,432
JUNIN,236,452
JUNIN,236,4462
JUNIN,236,4463
JUNIN,236,458
JUNIN,236,4469
JUNIN,236,4451
JUNIN,236,4454
JUNIN,236,4450
JUNIN,236,4453
JUNIN,236,4452
JUNIN,236,448
JUNIN,236,4530
JUNIN,236,428
JUNIN,236,427
JUNIN,236,4291
JUNIN,236,4290
JUNIN,236,4298
JUNIN,236,4295
JUNIN,236,4294
JUNIN,236,4296
JUNIN,236,4297
JUNIN,236,4460
JUNIN,236,450
JUNIN,236,459
JUNIN,236,4461
JUNIN,236,4644
JUNIN,236,4640
JUNIN,236,4641
JUNIN,236,4642
JUNIN,236,4645
JUNIN,236,4643
JUNIN,236,456
JUNIN,236,451
JUNIN,236,469
JUNIN,236,467
JUNIN,236,4647
JUNIN,236,4648
JUNIN,236,4649
JUNIN,236,4646
JUNIN,236,465
JUNIN,236,441
JUNIN,236,4457
JUNIN,236,4456
JUNIN,236,4458
JUNIN,236,4459
JUNIN,236,4455
JUNIN,236,4534
JUNIN,236,4535
JUNIN,236,4533
JUNIN,236,4531
JUNIN,236,4532
JUNIN,236,454
JUNIN,236,4539
JUNIN,236,4537
JUNIN,236,4538
JUNIN,236,457
JUNIN,236,4683
JUNIN,236,466
JUNIN,236,4680
JUNIN,236,4684
JUNIN,236,4682
JUNIN,236,4681
JUNIN,236,4554
JUNIN,236,4551
JUNIN,236,4559
JUNIN,236,4555
JUNIN,236,4553
JUNIN,236,4558
JUNIN,236,4556
JUNIN,236,4557
JUNIN,236,4552
JUNIN,236,4686
JUNIN,236,4688
JUNIN,236,4685
JUNIN,236,4689
JUNIN,236,4687
JUNIN,236,460
JUNIN,236,461
JUNIN,236,4300
JUNIN,236,4304
JUNIN,236,462
JUNIN,236,4303
JUNIN,236,4301
JUNIN,236,4302
JUNIN,236,4314
JUNIN,236,4313
JUNIN,236,4312
JUNIN,236,4310
JUNIN,236,4308
JUNIN,236,4309
JUNIN,236,4311
JUNIN,236,4321
JUNIN,236,4322
JUNIN,236,4320
JUNIN,236,4315
JUNIN,236,4319
JUNIN,236,4318
JUNIN,236,4317
JUNIN,236,4316
JUNIN,236,4329
JUNIN,236,4331
JUNIN,236,4333
JUNIN,236,4328
JUNIN,236,4325
JUNIN,236,4330
JUNIN,236,4332
JUNIN,236,4327
JUNIN,236,4324
JUNIN,236,4326
JUNIN,236,4339
JUNIN,236,4340
JUNIN,236,4338
JUNIN,236,4349
JUNIN,236,4345
JUNIN,236,4346
JUNIN,236,4347
JUNIN,236,4348
JUNIN,236,4344
JUNIN,236,4343
JUNIN,236,4371
JUNIN,236,435
JUNIN,236,4373
JUNIN,236,436
JUNIN,236,4342
JUNIN,236,4370
JUNIN,236,4374
JUNIN,236,4341
JUNIN,236,4372
JUNIN,236,4334
JUNIN,236,4337
JUNIN,236,4335
JUNIN,236,4336
JUNIN,236,4201
JUNIN,236,4200
JUNIN,236,4202
JUNIN,236,4203
JUNIN,236,4204
JUNIN,236,4205
JUNIN,236,4206
JUNIN,236,4226
JUNIN,236,4225
JUNIN,236,4224
JUNIN,236,4223
JUNIN,236,4222
JUNIN,236,4221
JUNIN,236,4227
JUNIN,236,426
JUNIN,236,4376
JUNIN,236,4379
JUNIN,236,439
JUNIN,236,4377
JUNIN,236,4378
JUNIN,236,4375
JUNIN,236,438
JUNIN,236,472
JUNIN,236,471
JUNIN,236,470
JUNIN,236,4100
LIMA,3487,378
LIMA,3487,390
LIMA,3487,379
LIMA,3487,393
LIMA,3487,395
LIMA,3487,394
LIMA,3487,392
LIMA,3487,391
LUJAN,2323,509
LUJAN,2323,508
LUJAN,2323,52
LUJAN,2323,53
LUJAN,2323,502
LUJAN,2323,578
LUJAN,2323,579
LUJAN,2323,646
LUJAN,2323,651
LUJAN,2323,647
LUJAN,2323,648
LUJAN,2323,649
LUJAN,2323,650
LUJAN,2323,652
LUJAN,2323,45
LUJAN,2323,464
LUJAN,2323,465
LUJAN,2323,481
LUJAN,2323,490
LUJAN,2323,482
LUJAN,2323,460
LUJAN,2323,462
LUJAN,2323,461
LUJAN,2323,54
LUJAN,2323,55
LUJAN,2323,489
LUJAN,2323,446
LUJAN,2323,447
LUJAN,2323,448
LUJAN,2323,449
LUJAN,2323,463
LUJAN,2323,583
LUJAN,2323,584
LUJAN,2323,589
LUJAN,2323,587
LUJAN,2323,588
LUJAN,2323,585
LUJAN,2323,586
LUJAN,2323,582
LUJAN,2323,605
LUJAN,2323,606
LUJAN,2323,604
LUJAN,2323,616
LUJAN,2323,617
LUJAN,2323,618
LUJAN,2323,619
LUJAN,2323,620
LUJAN,2323,621
LUJAN,2323,622
LUJAN,2323,623
LUJAN,2323,624
LUJAN,2323,632
LUJAN,2323,631
LUJAN,2323,630
LUJAN,2323,634
LUJAN,2323,635
LUJAN,2323,637
LUJAN,2323,636
LUJAN,2323,633
LUJAN,2323,641
LUJAN,2323,642
LUJAN,2323,675
LUJAN,2323,678
LUJAN,2323,677
LUJAN,2323,676
LUJAN,2323,681
LUJAN,2323,680
LUJAN,2323,679
LUJAN,2323,643
LUJAN,2323,640
LUJAN,2323,671
LUJAN,2323,657
LUJAN,2323,658
LUJAN,2323,659
LUJAN,2323,670
LUJAN,2323,653
LUJAN,2323,66
LUJAN,2323,674
LUJAN,2323,672
LUJAN,2323,673
LUJAN,2323,654
LUJAN,2323,656
LUJAN,2323,655
LUJAN,2323,484
LUJAN,2323,485
LUJAN,2323,316
LUJAN,2323,315
LUJAN,2323,318
LUJAN,2323,319
LUJAN,2323,317
LUJAN,2323,313
LUJAN,2323,312
LUJAN,2323,314
LUJAN,2323,311
LUJAN,2323,34
LUJAN,2323,35
LUJAN,2323,335
LUJAN,2323,336
LUJAN,2323,36
LUJAN,2323,332
LUJAN,2323,333
LUJAN,2323,334
LUJAN,2323,209
LUJAN,2323,206
LUJAN,2323,207
LUJAN,2323,21
LUJAN,2323,208
LUJAN,2323,205
LUJAN,2323,603
LUJAN,2323,601
LUJAN,2323,602
LUJAN,2323,608
LUJAN,2323,611
LUJAN,2323,610
LUJAN,2323,609
LUJAN,2323,614
LUJAN,2323,615
LUJAN,2323,613
LUJAN,2323,612
LUJAN,2323,627
LUJAN,2323,628
LUJAN,2323,625
LUJAN,2323,626
LUJAN,2323,638
LUJAN,2323,639
LUJAN,2323,301
LUJAN ,2323,51
LUJAN ,2323,480
MERCEDES,2324,52
MERCEDES,2324,452
MERCEDES,2324,453
MERCEDES,2324,50
MERCEDES,2324,41
MERCEDES,2324,455
MERCEDES,2324,616
MERCEDES,2324,617
MERCEDES,2324,618
MERCEDES,2324,66
MERCEDES,2324,682
MERCEDES,2324,685
MERCEDES,2324,681
MERCEDES,2324,683
MERCEDES,2324,680
MERCEDES,2324,687
MERCEDES,2324,684
MERCEDES,2324,686
MERCEDES,2324,67
MERCEDES,2324,450
MERCEDES,2324,58
MERCEDES,2324,451
MERCEDES,2324,51
MERCEDES,2324,69
MERCEDES,2324,64
MERCEDES,2324,463
MERCEDES,2324,460
MERCEDES,2324,462
MERCEDES,2324,464
MERCEDES,2324,461
MERCEDES,2324,466
MERCEDES,2324,467
MERCEDES,2324,468
MERCEDES,2324,469
MERCEDES,2324,470
MERCEDES,2324,472
MERCEDES,2324,473
MERCEDES,2324,471
MERCEDES,2324,474
MERCEDES,2324,475
MERCEDES,2324,476
MERCEDES,2324,477
MERCEDES,2324,479
MERCEDES,2324,478
MERCEDES,2324,491
MERCEDES,2324,498
MERCEDES,2324,499
MERCEDES,2324,53
MERCEDES,2324,544
MERCEDES,2324,543
MERCEDES,2324,541
MERCEDES,2324,542
MERCEDES,2324,540
MERCEDES,2324,545
MERCEDES,2324,546
MERCEDES,2324,549
MERCEDES,2324,548
MERCEDES,2324,547
MERCEDES,2324,556
MERCEDES,2324,555
MERCEDES,2324,564
MERCEDES,2324,563
MERCEDES,2324,562
MERCEDES,2324,557
MERCEDES,2324,561
MERCEDES,2324,560
MERCEDES,2324,559
MERCEDES,2324,558
MERCEDES,2324,551
MERCEDES,2324,550
MERCEDES,2324,594
MERCEDES,2324,552
MERCEDES,2324,553
MERCEDES,2324,554
MERCEDES,2324,593
MERCEDES,2324,592
MERCEDES,2324,590
MERCEDES,2324,591
MERCEDES,2324,611
MERCEDES,2324,610
MERCEDES,2324,612
MERCEDES,2324,567
MERCEDES,2324,565
MERCEDES,2324,57
MERCEDES,2324,566
MERCEDES,2324,312
OPEN DOOR,2323,220
OPEN DOOR,2323,330
OPEN DOOR,2323,327
OPEN DOOR,2323,328
OPEN DOOR,2323,329
OPEN DOOR,2323,331
PERGAMINO,2477,51
PERGAMINO,2477,462
PERGAMINO,2477,463
PERGAMINO,2477,50
PERGAMINO,2477,45
PERGAMINO,2477,58
PERGAMINO,2477,481
PERGAMINO,2477,52
PERGAMINO,2477,22
PERGAMINO,2477,23
PERGAMINO,2477,213
PERGAMINO,2477,214
PERGAMINO,2477,212
PERGAMINO,2477,215
PERGAMINO,2477,460
PERGAMINO,2477,550
PERGAMINO,2477,559
PERGAMINO,2477,558
PERGAMINO,2477,557
PERGAMINO,2477,554
PERGAMINO,2477,461
PERGAMINO,2477,59
PERGAMINO,2477,56
PERGAMINO,2477,66
PERGAMINO,2477,68
PERGAMINO,2477,467
PERGAMINO,2477,466
PERGAMINO,2477,464
PERGAMINO,2477,465
PERGAMINO,2477,468
PERGAMINO,2477,469
PERGAMINO,2477,551
PERGAMINO,2477,556
PERGAMINO,2477,555
PERGAMINO,2477,489
PERGAMINO,2477,488
PERGAMINO,2477,553
PERGAMINO,2477,552
PERGAMINO,2477,530
PERGAMINO,2477,492
PERGAMINO,2477,531
PERGAMINO,2477,533
PERGAMINO,2477,532
PERGAMINO,2477,534
PERGAMINO,2477,535
PERGAMINO,2477,538
PERGAMINO,2477,536
PERGAMINO,2477,539
PERGAMINO,2477,537
PERGAMINO,2477,603
PERGAMINO,2477,602
PERGAMINO,2477,600
PERGAMINO,2477,601
PERGAMINO,2477,62
PERGAMINO,2477,61
PERGAMINO,2477,63
PERGAMINO,2477,606
PERGAMINO,2477,607
PERGAMINO,2477,605
PERGAMINO,2477,604
PERGAMINO,2477,653
PERGAMINO,2477,609
PERGAMINO,2477,650
PERGAMINO,2477,652
PERGAMINO,2477,651
PERGAMINO,2477,656
PERGAMINO,2477,658
PERGAMINO,2477,655
PERGAMINO,2477,654
PERGAMINO,2477,67
PERGAMINO,2477,657
PERGAMINO,2477,690
PERGAMINO,2477,659
PERGAMINO,2477,695
PERGAMINO,2477,697
PERGAMINO,2477,694
PERGAMINO,2477,692
PERGAMINO,2477,693
PERGAMINO,2477,691
PERGAMINO,2477,696
PERGAMINO,2477,698
PERGAMINO,2477,300
PERGAMINO,2477,699
PERGAMINO,2477,301
PERGAMINO,2477,303
PERGAMINO,2477,302
PERGAMINO,2477,329
PERGAMINO,2477,364
PERGAMINO,2477,33
PERGAMINO,2477,360
PERGAMINO,2477,361
PERGAMINO,2477,34
PERGAMINO,2477,363
PERGAMINO,2477,365
PERGAMINO,2477,35
PERGAMINO,2477,362
PERGAMINO,2477,310
PERGAMINO,2477,309
PERGAMINO,2477,315
PERGAMINO,2477,313
PERGAMINO,2477,318
PERGAMINO,2477,311
PERGAMINO,2477,317
PERGAMINO,2477,316
PERGAMINO,2477,314
PERGAMINO,2477,312
PERGAMINO,2477,380
PERGAMINO,2477,381
PERGAMINO,2477,382
PERGAMINO,2477,383
PERGAMINO,2477,386
PERGAMINO,2477,385
PERGAMINO,2477,384
PERGAMINO,2477,374
PERGAMINO,2477,366
PERGAMINO,2477,369
PERGAMINO,2477,368
PERGAMINO,2477,367
PERGAMINO,2477,370
PERGAMINO,2477,373
PERGAMINO,2477,372
PERGAMINO,2477,371
PERGAMINO,2477,216
PILAR,230,450
PILAR,230,4459
PILAR,230,4516
PILAR,230,4517
PILAR,230,458
PILAR,230,455
PILAR,230,4518
PILAR,230,4301
PILAR,230,4302
PILAR,230,4308
PILAR,230,4307
PILAR,230,4306
PILAR,230,4309
PILAR,230,4345
PILAR,230,4346
PILAR,230,435
PILAR,230,4360
PILAR,230,4361
PILAR,230,4318
PILAR,230,4476
PILAR,230,460
PILAR,230,4524
PILAR,230,4527
PILAR,230,4479
PILAR,230,4478
PILAR,230,4477
PILAR,230,4522
PILAR,230,4520
PILAR,230,4521
PILAR,230,4511
PILAR,230,4510
PILAR,230,457
PILAR,230,4512
PILAR,230,456
PILAR,230,4513
PILAR,230,4514
PILAR,230,4696
PILAR,230,4698
PILAR,230,4697
PILAR,230,4699
PILAR,230,4695
PILAR,230,4347
PILAR,230,4348
PILAR,230,4349
PILAR,230,4372
PILAR,230,4371
PILAR,230,4363
PILAR,230,4364
PILAR,230,4367
PILAR,230,4368
PILAR,230,4370
PILAR,230,4366
PILAR,230,4369
PILAR,230,4365
PILAR,230,4362
PILAR,230,4217
PILAR,230,4212
PILAR,230,4216
PILAR,230,4215
PILAR,230,4214
PILAR,230,4213
PILAR,230,4201
PILAR,230,4200
PILAR,230,425
PILAR,230,4393
PILAR,230,4392
PILAR,230,4391
PILAR,230,4390
PILAR,230,4241
PILAR,230,4240
PILAR,230,4242
PILAR,230,4243
RANCAGUA,2477,396
RAPELLI,3861,459
RAPELLI,3861,432
RAPELLI,3861,433
RAPELLI,3861,431
RAPELLI,3861,430
RAPELLI,3861,605
RAPELLI,3861,606
RAPELLI,3861,450
RAPELLI,3861,458
RAPELLI,3861,512
RAPELLI,3861,453
RAPELLI,3861,454
RAPELLI,3861,457
RAPELLI,3861,455
RAPELLI,3861,456
RECONQUISTA,3482,458
RECONQUISTA,3482,51
RECONQUISTA,3482,409
RECONQUISTA,3482,585
RECONQUISTA,3482,587
RECONQUISTA,3482,588
RECONQUISTA,3482,586
RECONQUISTA,3482,36
RECONQUISTA,3482,241
RECONQUISTA,3482,240
RECONQUISTA,3482,243
RECONQUISTA,3482,23
RECONQUISTA,3482,244
RECONQUISTA,3482,242
RECONQUISTA,3482,357
RECONQUISTA,3482,356
RECONQUISTA,3482,450
RECONQUISTA,3482,589
RECONQUISTA,3482,581
RECONQUISTA,3482,592
RECONQUISTA,3482,591
RECONQUISTA,3482,582
RECONQUISTA,3482,584
RECONQUISTA,3482,583
RECONQUISTA,3482,63
RECONQUISTA,3482,447
RECONQUISTA,3482,54
RECONQUISTA,3482,643
RECONQUISTA,3482,642
RECONQUISTA,3482,457
RECONQUISTA,3482,445
RECONQUISTA,3482,448
RECONQUISTA,3482,453
RECONQUISTA,3482,446
RECONQUISTA,3482,408
RECONQUISTA,3482,410
RECONQUISTA,3482,407
RECONQUISTA,3482,411
RECONQUISTA,3482,412
RECONQUISTA,3482,596
RECONQUISTA,3482,595
RECONQUISTA,3482,597
RECONQUISTA,3482,503
RECONQUISTA,3482,500
RECONQUISTA,3482,501
RECONQUISTA,3482,502
RECONQUISTA,3482,504
RECONQUISTA,3482,52
RECONQUISTA,3482,509
RECONQUISTA,3482,505
RECONQUISTA,3482,507
RECONQUISTA,3482,506
RECONQUISTA,3482,508
RECONQUISTA,3482,55
RECONQUISTA,3482,536
RECONQUISTA,3482,537
RECONQUISTA,3482,562
RECONQUISTA,3482,564
RECONQUISTA,3482,560
RECONQUISTA,3482,563
RECONQUISTA,3482,561
RECONQUISTA,3482,569
RECONQUISTA,3482,570
RECONQUISTA,3482,572
RECONQUISTA,3482,574
RECONQUISTA,3482,576
RECONQUISTA,3482,571
RECONQUISTA,3482,577
RECONQUISTA,3482,573
RECONQUISTA,3482,575
RECONQUISTA,3482,646
RECONQUISTA,3482,599
RECONQUISTA,3482,645
RECONQUISTA,3482,647
RECONQUISTA,3482,598
RECONQUISTA,3482,644
RECONQUISTA,3482,601
RECONQUISTA,3482,649
RECONQUISTA,3482,648
RECONQUISTA,3482,600
RECONQUISTA,3482,579
RECONQUISTA,3482,580
RECONQUISTA,3482,578
RECONQUISTA,3482,590
RECONQUISTA,3482,61
RECONQUISTA,3482,605
RECONQUISTA,3482,603
RECONQUISTA,3482,606
RECONQUISTA,3482,604
RECONQUISTA,3482,62
RECONQUISTA,3482,653
RECONQUISTA,3482,654
RECONQUISTA,3482,655
RECONQUISTA,3482,658
RECONQUISTA,3482,650
RECONQUISTA,3482,651
RECONQUISTA,3482,652
RECONQUISTA,3482,691
RECONQUISTA,3482,66
RECONQUISTA,3482,67
RECONQUISTA,3482,693
RECONQUISTA,3482,690
RECONQUISTA,3482,694
RECONQUISTA,3482,695
RECONQUISTA,3482,659
RECONQUISTA,3482,68
RECONQUISTA,3482,692
RECONQUISTA,3482,608
RECONQUISTA,3482,607
RECONQUISTA,3482,657
RECONQUISTA,3482,609
RECONQUISTA,3482,656
RECONQUISTA,3482,322
RECONQUISTA,3482,698
RECONQUISTA,3482,696
RECONQUISTA,3482,324
RECONQUISTA,3482,323
RECONQUISTA,3482,699
RECONQUISTA,3482,697
RECONQUISTA,3482,330
RECONQUISTA,3482,334
RECONQUISTA,3482,333
RECONQUISTA,3482,331
RECONQUISTA,3482,332
RECONQUISTA,3482,26
RECONQUISTA,3482,27
RECONQUISTA,3482,25
RECONQUISTA,3482,3590
RECONQUISTA,3482,290
RECREO (PROV.  CATAMARCA),3832,460
RECREO (PROV.  CATAMARCA),3832,464
RECREO (PROV.  CATAMARCA),3832,463
RECREO (PROV.  CATAMARCA),3832,430
RECREO (PROV.  CATAMARCA),3832,431
RECREO (PROV.  CATAMARCA),3832,432
RECREO (PROV.  CATAMARCA),3832,433
RECREO (PROV.  CATAMARCA),3832,434
RECREO (PROV.  CATAMARCA),3832,498
RECREO (PROV.  CATAMARCA),3832,499
RECREO (PROV.  CATAMARCA),3832,497
RECREO (PROV.  CATAMARCA),3832,688
RECREO (PROV.  CATAMARCA),3832,689
RECREO (PROV.  CATAMARCA),3832,465
RECREO (PROV.  CATAMARCA),3832,462
RECREO (PROV.  CATAMARCA),3832,520
RECREO (PROV.  CATAMARCA),3832,461
RECREO (PROV.  CATAMARCA),3832,468
RECREO (PROV.  CATAMARCA),3832,466
RECREO (PROV.  CATAMARCA),3832,467
RECREO (PROV.  CATAMARCA),3832,469
RECREO (PROV.  CATAMARCA),3832,401
RECREO (PROV.  CATAMARCA),3832,400
RECREO (PROV.  CATAMARCA),3832,403
RECREO (PROV.  CATAMARCA),3832,405
RECREO (PROV.  CATAMARCA),3832,404
RECREO (PROV.  CATAMARCA),3832,402
RECREO (PROV.  CATAMARCA),3832,406
RECREO (PROV.  CATAMARCA),3832,407
RECREO (PROV.  CATAMARCA),3832,408
RECREO (PROV.  CATAMARCA),3832,409
RECREO (PROV.  CATAMARCA),3832,410
RECREO (PROV.  CATAMARCA),3832,413
RECREO (PROV.  CATAMARCA),3832,411
RECREO (PROV.  CATAMARCA),3832,412
RECREO (PROV.  CATAMARCA),3832,414
RECREO (PROV.  CATAMARCA),3832,418
RECREO (PROV.  CATAMARCA),3832,419
RECREO (PROV.  CATAMARCA),3832,417
RECREO (PROV.  CATAMARCA),3832,415
RECREO (PROV.  CATAMARCA),3832,416
RECREO (PROV.  CATAMARCA),3832,492
RECREO (PROV.  CATAMARCA),3832,436
RECREO (PROV.  CATAMARCA),3832,435
RECREO (PROV.  CATAMARCA),3832,439
RECREO (PROV.  CATAMARCA),3832,438
RECREO (PROV.  CATAMARCA),3832,437
RECREO (PROV.  CATAMARCA),3832,440
RIO CEBALLOS,3543,565
RIO CEBALLOS,3543,564
RIO CEBALLOS,3543,688
RIO CEBALLOS,3543,301
RIO CEBALLOS,3543,302
RIO CEBALLOS,3543,303
RIO CEBALLOS,3543,304
RIO CEBALLOS,3543,300
RIO CEBALLOS,3543,683
RIO CEBALLOS,3543,686
RIO CEBALLOS,3543,685
RIO CEBALLOS,3543,684
RIO CUARTO,358,4898
RIO CUARTO,358,508
RIO CUARTO,358,4899
RIO CUARTO,358,506
RIO CUARTO,358,507
RIO CUARTO,358,411
RIO CUARTO,358,412
RIO CUARTO,358,4800
RIO CUARTO,358,417
RIO CUARTO,358,418
RIO CUARTO,358,403
RIO CUARTO,358,4889
RIO CUARTO,358,4156
RIO CUARTO,358,4155
RIO CUARTO,358,4153
RIO CUARTO,358,4154
RIO CUARTO,358,4152
RIO CUARTO,358,510
RIO CUARTO,358,511
RIO CUARTO,358,512
RIO CUARTO,358,474
RIO CUARTO,358,560
RIO CUARTO,358,561
RIO CUARTO,358,600
RIO CUARTO,358,654
RIO CUARTO,358,602
RIO CUARTO,358,601
RIO CUARTO,358,473
RIO CUARTO,358,4897
RIO CUARTO,358,548
RIO CUARTO,358,509
RIO CUARTO,358,562
RIO CUARTO,358,401
RIO CUARTO,358,402
RIO CUARTO,358,416
RIO CUARTO,358,419
RIO CUARTO,358,420
RIO CUARTO,358,422
RIO CUARTO,358,423
RIO CUARTO,358,424
RIO CUARTO,358,425
RIO CUARTO,358,426
RIO CUARTO,358,428
RIO CUARTO,358,430
RIO CUARTO,358,429
RIO CUARTO,358,431
RIO CUARTO,358,432
RIO CUARTO,358,439
RIO CUARTO,358,438
RIO CUARTO,358,437
RIO CUARTO,358,436
RIO CUARTO,358,4818
RIO CUARTO,358,4817
RIO CUARTO,358,4819
RIO CUARTO,358,490
RIO CUARTO,358,4815
RIO CUARTO,358,4816
RIO CUARTO,358,502
RIO CUARTO,358,501
RIO CUARTO,358,500
RIO CUARTO,358,433
RIO CUARTO,358,435
RIO CUARTO,358,434
RIO CUARTO,358,483
RIO CUARTO,358,482
RIO CUARTO,358,4720
RIO CUARTO,358,4721
RIO CUARTO,358,485
RIO CUARTO,358,487
RIO CUARTO,358,486
RIO CUARTO,358,484
RIO CUARTO,358,517
RIO CUARTO,358,516
RIO CUARTO,358,514
RIO CUARTO,358,513
RIO CUARTO,358,518
RIO CUARTO,358,4158
RIO PRIMERO,3574,451
RIO PRIMERO,3574,51
RIO PRIMERO,3574,454
RIO PRIMERO,3574,442
RIO PRIMERO,3574,443
RIO PRIMERO,3574,441
RIO PRIMERO,3574,440
RIO PRIMERO,3574,444
RIO PRIMERO,3574,652
RIO PRIMERO,3574,651
RIO PRIMERO,3574,650
RIO PRIMERO,3574,638
RIO PRIMERO,3574,450
RIO PRIMERO,3574,453
RIO PRIMERO,3574,452
RIO PRIMERO,3574,455
RIO PRIMERO,3574,456
RIO PRIMERO,3574,457
RIO PRIMERO,3574,459
RIO PRIMERO,3574,458
RIO PRIMERO,3574,400
RIO PRIMERO,3574,401
RIO PRIMERO,3574,402
RIO PRIMERO,3574,406
RIO PRIMERO,3574,405
RIO PRIMERO,3574,403
RIO PRIMERO,3574,404
RIO PRIMERO,3574,408
RIO PRIMERO,3574,407
RIO PRIMERO,3574,409
RIO PRIMERO,3574,411
RIO PRIMERO,3574,410
RIO PRIMERO,3574,413
RIO PRIMERO,3574,414
RIO PRIMERO,3574,415
RIO PRIMERO,3574,412
RIO PRIMERO,3574,419
RIO PRIMERO,3574,418
RIO PRIMERO,3574,416
RIO PRIMERO,3574,417
RIO SEGUNDO,3572,451
RIO SEGUNDO,3572,51
RIO SEGUNDO,3572,576
RIO SEGUNDO,3572,577
RIO SEGUNDO,3572,578
RIO SEGUNDO,3572,579
RIO SEGUNDO,3572,452
RIO SEGUNDO,3572,436
RIO SEGUNDO,3572,435
RIO SEGUNDO,3572,437
RIO SEGUNDO,3572,438
RIO SEGUNDO,3572,439
RIO SEGUNDO,3572,454
RIO SEGUNDO,3572,41
RIO SEGUNDO,3572,590
RIO SEGUNDO,3572,565
RIO SEGUNDO,3572,591
RIO SEGUNDO,3572,567
RIO SEGUNDO,3572,566
RIO SEGUNDO,3572,568
RIO SEGUNDO,3572,569
RIO SEGUNDO,3572,597
RIO SEGUNDO,3572,600
RIO SEGUNDO,3572,599
RIO SEGUNDO,3572,601
RIO SEGUNDO,3572,598
RIO SEGUNDO,3572,459
RIO SEGUNDO,3572,571
RIO SEGUNDO,3572,665
RIO SEGUNDO,3572,69
RIO SEGUNDO,3572,450
RIO SEGUNDO,3572,53
RIO SEGUNDO,3572,667
RIO SEGUNDO,3572,666
RIO SEGUNDO,3572,40
RIO SEGUNDO,3572,570
RIO SEGUNDO,3572,440
RIO SEGUNDO,3572,442
RIO SEGUNDO,3572,441
RIO SEGUNDO,3572,443
RIO SEGUNDO,3572,444
RIO SEGUNDO,3572,445
RIO SEGUNDO,3572,446
RIO SEGUNDO,3572,448
RIO SEGUNDO,3572,447
RIO SEGUNDO,3572,449
RIO SEGUNDO,3572,502
RIO SEGUNDO,3572,503
RIO SEGUNDO,3572,500
RIO SEGUNDO,3572,501
RIO SEGUNDO,3572,504
RIO SEGUNDO,3572,507
RIO SEGUNDO,3572,505
RIO SEGUNDO,3572,506
RIO SEGUNDO,3572,508
RIO SEGUNDO,3572,509
RIO SEGUNDO,3572,521
RIO SEGUNDO,3572,520
RIO SEGUNDO,3572,522
RIO SEGUNDO,3572,523
RIO SEGUNDO,3572,528
RIO SEGUNDO,3572,529
RIO SEGUNDO,3572,54
RIO SEGUNDO,3572,550
RIO SEGUNDO,3572,525
RIO SEGUNDO,3572,526
RIO SEGUNDO,3572,527
RIO SEGUNDO,3572,524
RIO SEGUNDO,3572,58
RIO SEGUNDO,3572,552
RIO SEGUNDO,3572,554
RIO SEGUNDO,3572,557
RIO SEGUNDO,3572,556
RIO SEGUNDO,3572,558
RIO SEGUNDO,3572,551
RIO SEGUNDO,3572,555
RIO SEGUNDO,3572,553
RIO SEGUNDO,3572,607
RIO SEGUNDO,3572,605
RIO SEGUNDO,3572,608
RIO SEGUNDO,3572,609
RIO SEGUNDO,3572,61
RIO SEGUNDO,3572,606
RIO SEGUNDO,3572,604
RIO TERCERO,3571,451
RIO TERCERO,3571,51
RIO TERCERO,3571,452
RIO TERCERO,3571,585
RIO TERCERO,3571,581
RIO TERCERO,3571,583
RIO TERCERO,3571,582
RIO TERCERO,3571,586
RIO TERCERO,3571,584
RIO TERCERO,3571,580
RIO TERCERO,3571,456
RIO TERCERO,3571,458
RIO TERCERO,3571,457
RIO TERCERO,3571,416
RIO TERCERO,3571,418
RIO TERCERO,3571,417
RIO TERCERO,3571,415
RIO TERCERO,3571,419
RIO TERCERO,3571,454
RIO TERCERO,3571,40
RIO TERCERO,3571,657
RIO TERCERO,3571,655
RIO TERCERO,3571,658
RIO TERCERO,3571,656
RIO TERCERO,3571,660
RIO TERCERO,3571,659
RIO TERCERO,3571,30
RIO TERCERO,3571,459
RIO TERCERO,3571,54
RIO TERCERO,3571,68
RIO TERCERO,3571,69
RIO TERCERO,3571,450
RIO TERCERO,3571,57
RIO TERCERO,3571,531
RIO TERCERO,3571,534
RIO TERCERO,3571,530
RIO TERCERO,3571,532
RIO TERCERO,3571,52
RIO TERCERO,3571,533
RIO TERCERO,3571,535
RIO TERCERO,3571,539
RIO TERCERO,3571,55
RIO TERCERO,3571,538
RIO TERCERO,3571,536
RIO TERCERO,3571,537
RIO TERCERO,3571,564
RIO TERCERO,3571,562
RIO TERCERO,3571,561
RIO TERCERO,3571,563
RIO TERCERO,3571,560
RIO TERCERO,3571,565
RIO TERCERO,3571,566
RIO TERCERO,3571,569
RIO TERCERO,3571,593
RIO TERCERO,3571,592
RIO TERCERO,3571,590
RIO TERCERO,3571,591
RIO TERCERO,3571,595
RIO TERCERO,3571,594
RIO TERCERO,3571,596
RIO TERCERO,3571,622
RIO TERCERO,3571,624
RIO TERCERO,3571,61
RIO TERCERO,3571,604
RIO TERCERO,3571,620
RIO TERCERO,3571,606
RIO TERCERO,3571,602
RIO TERCERO,3571,605
RIO TERCERO,3571,621
RIO TERCERO,3571,609
RIO TERCERO,3571,623
RIO TERCERO,3571,608
RIO TERCERO,3571,607
RIO TERCERO,3571,603
RIO TERCERO,3571,601
RIO TERCERO,3571,600
RIO TERCERO,3571,598
RIO TERCERO,3571,599
RIO TERCERO,3571,597
RIO TERCERO,3571,636
RIO TERCERO,3571,638
RIO TERCERO,3571,639
RIO TERCERO,3571,637
RIO TERCERO,3571,628
RIO TERCERO,3571,631
RIO TERCERO,3571,632
RIO TERCERO,3571,633
RIO TERCERO,3571,634
RIO TERCERO,3571,625
RIO TERCERO,3571,627
RIO TERCERO,3571,629
RIO TERCERO,3571,626
RIO TERCERO,3571,630
RIO TERCERO,3571,32
RIO TERCERO,3571,31
RIO TERCERO,3571,669
RIO TERCERO,3571,667
RIO TERCERO,3571,668
SALADAS,3782,471
SALADAS,3782,473
SALADAS,3782,541
SALADAS,3782,542
SALADAS,3782,540
SALADAS,3782,543
SALADAS,3782,548
SALADAS,3782,547
SALADAS,3782,549
SALADAS,3782,545
SALADAS,3782,546
SALADAS,3782,55
SALADAS,3782,611
SALADAS,3782,609
SALADAS,3782,610
SALADAS,3782,470
SALADAS,3782,472
SALADAS,3782,586
SALADAS,3782,474
SALADAS,3782,475
SALADAS,3782,404
SALADAS,3782,403
SALADAS,3782,402
SALADAS,3782,401
SALADAS,3782,400
SALADAS,3782,409
SALADAS,3782,406
SALADAS,3782,407
SALADAS,3782,408
SALADAS,3782,405
SALADAS,3782,477
SALADAS,3782,476
SALADAS,3782,478
SALADAS,3782,479
SALADAS,3782,410
SALADAS,3782,411
SALADAS,3782,412
SALADAS,3782,413
SALADAS,3782,414
SALADAS,3782,417
SALADAS,3782,415
SALADAS,3782,416
SALADAS,3782,431
SALADAS,3782,433
SALADAS,3782,432
SALADAS,3782,434
SALADAS,3782,430
SALADAS,3782,419
SALADAS,3782,418
SALADAS,3782,437
SALADAS,3782,435
SALADAS,3782,436
SALADAS,3782,438
SALADAS,3782,440
SALADAS,3782,439
SALADAS,3782,441
SALADAS,3782,443
SALADAS,3782,442
SALADAS,3782,449
SALADAS,3782,448
SALADAS,3782,453
SALADAS,3782,452
SALADAS,3782,450
SALADAS,3782,451
SALADAS,3782,460
SALADAS,3782,461
SALADAS,3782,454
SALADAS,3782,462
SALADAS,3782,459
SALADAS,3782,458
SALADAS,3782,455
SALADAS,3782,463
SALADAS,3782,464
SALADAS,3782,465
SALADAS,3782,466
SALADAS,3782,456
SALADAS,3782,457
SALADAS,3782,446
SALADAS,3782,447
SALADAS,3782,445
SALADAS,3782,444
SALADAS,3782,480
SALADAS,3782,484
SALADAS,3782,481
SALADAS,3782,482
SALADAS,3782,483
SALADAS,3782,53
SALADAS,3782,487
SALADAS,3782,488
SALADAS,3782,485
SALADAS,3782,486
SALADAS,3782,489
SALADAS,3782,50
SALADAS,3782,52
SALADAS,3782,51
SALICAS,3827,496
SALICAS,3827,495
SALSACATE,3542,414
SALSACATE,3542,413
SALSACATE,3542,412
SALSACATE,3542,411
SALSACATE,3542,415
SALSACATE,3542,620
SALSACATE,3542,619
SALSACATE,3542,463
SALSACATE,3542,462
SALSACATE,3542,579
SALSACATE,3542,464
SALSACATE,3542,465
SALSACATE,3542,460
SALSACATE,3542,461
SALSACATE,3542,470
SALSACATE,3542,467
SALSACATE,3542,466
SALSACATE,3542,481
SALSACATE,3542,480
SAMPACHO,3582,511
SAMPACHO,3582,512
SAMPACHO,3582,513
SAMPACHO,3582,514
SAMPACHO,3582,510
SAMPACHO,3582,461
SAMPACHO,3582,401
SAMPACHO,3582,402
SAMPACHO,3582,400
SAMPACHO,3582,444
SAMPACHO,3582,443
SAN ANDRES DE GILES,2325,515
SAN ANDRES DE GILES,2325,518
SAN ANDRES DE GILES,2325,516
SAN ANDRES DE GILES,2325,517
SAN ANDRES DE GILES,2325,519
SAN ANDRES DE GILES,2325,452
SAN ANDRES DE GILES,2325,407
SAN ANDRES DE GILES,2325,408
SAN ANDRES DE GILES,2325,522
SAN ANDRES DE GILES,2325,521
SAN ANDRES DE GILES,2325,523
SAN ANDRES DE GILES,2325,525
SAN ANDRES DE GILES,2325,526
SAN ANDRES DE GILES,2325,520
SAN ANDRES DE GILES,2325,524
SAN ANDRES DE GILES,2325,469
SAN ANDRES DE GILES,2325,466
SAN ANDRES DE GILES,2325,467
SAN ANDRES DE GILES,2325,468
SAN ANDRES DE GILES,2325,47
SAN ANDRES DE GILES,2325,465
SAN ANDRES DE GILES,2325,499
SAN ANDRES DE GILES,2325,50
SAN ANDRES DE GILES,2325,495
SAN ANDRES DE GILES,2325,496
SAN ANDRES DE GILES,2325,497
SAN ANDRES DE GILES,2325,498
SAN ANDRES DE GILES,2325,450
SAN ANDRES DE GILES,2325,451
SAN ANDRES DE GILES,2325,513
SAN ANDRES DE GILES,2325,56
SAN ANDRES DE GILES,2325,59
SAN ANDRES DE GILES,2325,68
SAN ANDRES DE GILES,2325,65
SAN ANDRES DE GILES,2325,400
SAN ANDRES DE GILES,2325,402
SAN ANDRES DE GILES,2325,401
SAN ANDRES DE GILES,2325,404
SAN ANDRES DE GILES,2325,405
SAN ANDRES DE GILES,2325,406
SAN ANDRES DE GILES,2325,457
SAN ANDRES DE GILES,2325,459
SAN ANDRES DE GILES,2325,458
SAN ANDRES DE GILES,2325,410
SAN ANDRES DE GILES,2325,409
SAN ANDRES DE GILES,2325,412
SAN ANDRES DE GILES,2325,414
SAN ANDRES DE GILES,2325,415
SAN ANDRES DE GILES,2325,413
SAN ANDRES DE GILES,2325,411
SAN ANDRES DE GILES,2325,416
SAN ANDRES DE GILES,2325,417
SAN ANDRES DE GILES,2325,456
SAN ANDRES DE GILES,2325,419
SAN ANDRES DE GILES,2325,418
SAN ANDRES DE GILES,2325,422
SAN ANDRES DE GILES,2325,421
SAN ANDRES DE GILES,2325,420
SAN ANDRES DE GILES,2325,423
SAN ANDRES DE GILES,2325,424
SAN ANDRES DE GILES,2325,425
SAN ANDRES DE GILES,2325,435
SAN ANDRES DE GILES,2325,434
SAN ANDRES DE GILES,2325,436
SAN ANDRES DE GILES,2325,461
SAN ANDRES DE GILES,2325,462
SAN ANDRES DE GILES,2325,463
SAN ANDRES DE GILES,2325,460
SAN ANDRES DE GILES,2325,428
SAN ANDRES DE GILES,2325,426
SAN ANDRES DE GILES,2325,432
SAN ANDRES DE GILES,2325,431
SAN ANDRES DE GILES,2325,430
SAN ANDRES DE GILES,2325,429
SAN ANDRES DE GILES,2325,427
SAN ANDRES DE GILES,2325,433
SAN ANTONIO DE ARECO,2326,412
SAN ANTONIO DE ARECO,2326,411
SAN ANTONIO DE ARECO,2326,410
SAN ANTONIO DE ARECO,2326,413
SAN ANTONIO DE ARECO,2326,414
SAN ANTONIO DE ARECO,2326,415
SAN ANTONIO DE ARECO,2326,426
SAN ANTONIO DE ARECO,2326,427
SAN ANTONIO DE ARECO,2326,471
SAN ANTONIO DE ARECO,2326,470
SAN ANTONIO DE ARECO,2326,472
SAN ANTONIO DE ARECO,2326,473
SAN ANTONIO DE ARECO,2326,40
SAN ANTONIO DE ARECO,2326,416
SAN ANTONIO DE ARECO,2326,424
SAN ANTONIO DE ARECO,2326,420
SAN ANTONIO DE ARECO,2326,421
SAN ANTONIO DE ARECO,2326,423
SAN ANTONIO DE ARECO,2326,422
SAN ANTONIO DE ARECO,2326,428
SAN ANTONIO DE ARECO,2326,430
SAN ANTONIO DE ARECO,2326,429
SAN ANTONIO DE ARECO,2326,435
SAN ANTONIO DE ARECO,2326,431
SAN ANTONIO DE ARECO,2326,433
SAN ANTONIO DE ARECO,2326,434
SAN ANTONIO DE ARECO,2326,432
SAN ANTONIO DE ARECO,2326,463
SAN ANTONIO DE ARECO,2326,440
SAN ANTONIO DE ARECO,2326,438
SAN ANTONIO DE ARECO,2326,439
SAN ANTONIO DE ARECO,2326,441
SAN ANTONIO DE ARECO,2326,436
SAN ANTONIO DE ARECO,2326,437
SAN ANTONIO DE ARECO,2326,466
SAN ANTONIO DE ARECO,2326,465
SAN ANTONIO DE ARECO,2326,467
SAN ANTONIO DE ARECO,2326,464
SAN ANTONIO DE ARECO,2326,468
SAN ANTONIO DE ARECO,2326,469
SAN PEDRO,3329,451
SAN PEDRO,3329,52
SAN PEDRO,3329,51
SAN PEDRO,3329,452
SAN PEDRO,3329,40
SAN PEDRO,3329,468
SAN PEDRO,3329,469
SAN PEDRO,3329,472
SAN PEDRO,3329,467
SAN PEDRO,3329,471
SAN PEDRO,3329,470
SAN PEDRO,3329,474
SAN PEDRO,3329,473
SAN PEDRO,3329,478
SAN PEDRO,3329,479
SAN PEDRO,3329,477
SAN PEDRO,3329,475
SAN PEDRO,3329,476
SAN PEDRO,3329,41
SAN PEDRO,3329,458
SAN PEDRO,3329,497
SAN PEDRO,3329,684
SAN PEDRO,3329,682
SAN PEDRO,3329,681
SAN PEDRO,3329,680
SAN PEDRO,3329,683
SAN PEDRO,3329,311
SAN PEDRO,3329,310
SAN PEDRO,3329,30
SAN PEDRO,3329,541
SAN PEDRO,3329,540
SAN PEDRO,3329,549
SAN PEDRO,3329,548
SAN PEDRO,3329,547
SAN PEDRO,3329,538
SAN PEDRO,3329,539
SAN PEDRO,3329,530
SAN PEDRO,3329,552
SAN PEDRO,3329,459
SAN PEDRO,3329,69
SAN PEDRO,3329,61
SAN PEDRO,3329,60
SAN PEDRO,3329,450
SAN PEDRO,3329,59
SAN PEDRO,3329,532
SAN PEDRO,3329,534
SAN PEDRO,3329,533
SAN PEDRO,3329,531
SAN PEDRO,3329,542
SAN PEDRO,3329,545
SAN PEDRO,3329,535
SAN PEDRO,3329,554
SAN PEDRO,3329,544
SAN PEDRO,3329,546
SAN PEDRO,3329,556
SAN PEDRO,3329,555
SAN PEDRO,3329,553
SAN PEDRO,3329,537
SAN PEDRO,3329,543
SAN PEDRO,3329,536
SAN PEDRO,3329,557
SAN PEDRO,3329,559
SAN PEDRO,3329,558
SAN PEDRO,3329,509
SAN PEDRO,3329,507
SAN PEDRO,3329,508
SAN PEDRO,3329,505
SAN PEDRO,3329,506
SAN PEDRO,3329,565
SAN PEDRO,3329,566
SAN PEDRO,3329,561
SAN PEDRO,3329,564
SAN PEDRO,3329,560
SAN PEDRO,3329,562
SAN PEDRO,3329,563
SAN PEDRO,3329,640
SAN PEDRO,3329,643
SAN PEDRO,3329,63
SAN PEDRO,3329,642
SAN PEDRO,3329,644
SAN PEDRO,3329,645
SAN PEDRO,3329,647
SAN PEDRO,3329,62
SAN PEDRO,3329,641
SAN PEDRO,3329,646
SAN PEDRO,3329,570
SAN PEDRO,3329,571
SAN PEDRO,3329,569
SAN PEDRO,3329,568
SAN PEDRO,3329,573
SAN PEDRO,3329,572
SAN PEDRO,3329,581
SAN PEDRO,3329,582
SAN PEDRO,3329,663
SAN PEDRO,3329,661
SAN PEDRO,3329,660
SAN PEDRO,3329,664
SAN PEDRO,3329,65
SAN PEDRO,3329,662
SAN PEDRO,3329,669
SAN PEDRO,3329,665
SAN PEDRO,3329,648
SAN PEDRO,3329,667
SAN PEDRO,3329,649
SAN PEDRO,3329,666
SAN PEDRO,3329,668
SAN PEDRO,3329,575
SAN PEDRO,3329,574
SAN PEDRO,3329,576
SAN PEDRO,3329,577
SAN PEDRO,3329,578
SAN PEDRO,3329,579
SAN PEDRO,3329,580
SAN PEDRO,3329,32
SAN PEDRO,3329,319
SAN PEDRO,3329,33
SAN PEDRO,3329,318
SAN PEDRO,3329,317
SAN PEDRO,3329,315
SAN PEDRO,3329,316
SAN PEDRO,3329,360
TRES SARGENTOS,2273,434
TRES SARGENTOS,2273,435
TRES SARGENTOS,2273,436
VILLA LIA,2326,494
VILLA LIA,2326,497
VILLA LIA,2326,496
VILLA LIA,2326,495
ZARATE,3487,502
ZARATE,3487,501
ZARATE,3487,52
ZARATE,3487,500
ZARATE,3487,51
ZARATE,3487,53
ZARATE,3487,498
ZARATE,3487,456
ZARATE,3487,47
ZARATE,3487,496
ZARATE,3487,495
ZARATE,3487,497
ZARATE,3487,569
ZARATE,3487,568
ZARATE,3487,567
ZARATE,3487,508
ZARATE,3487,509
ZARATE,3487,565
ZARATE,3487,566
ZARATE,3487,588
ZARATE,3487,589
ZARATE,3487,587
ZARATE,3487,623
ZARATE,3487,622
ZARATE,3487,621
ZARATE,3487,624
ZARATE,3487,620
ZARATE,3487,650
ZARATE,3487,639
ZARATE,3487,638
ZARATE,3487,698
ZARATE,3487,695
ZARATE,3487,302
ZARATE,3487,692
ZARATE,3487,691
ZARATE,3487,690
ZARATE,3487,689
ZARATE,3487,301
ZARATE,3487,696
ZARATE,3487,694
ZARATE,3487,300
ZARATE,3487,699
ZARATE,3487,697
ZARATE,3487,693
ZARATE,3487,654
ZARATE,3487,653
ZARATE,3487,652
ZARATE,3487,651
ZARATE,3487,499
ZARATE,3487,40
ZARATE,3487,455
ZARATE,3487,341
ZARATE,3487,340
ZARATE,3487,342
ZARATE,3487,343
ZARATE,3487,344
ZARATE,3487,275
ZARATE,3487,274
ZARATE,3487,276
ZARATE,3487,277
ZARATE,3487,278
ZARATE,3487,279
ZARATE,3487,54
ZARATE,3487,55
ZARATE,3487,586
ZARATE,3487,585
ZARATE,3487,611
ZARATE,3487,610
ZARATE,3487,615
ZARATE,3487,612
ZARATE,3487,614
ZARATE,3487,613
ZARATE,3487,618
ZARATE,3487,617
ZARATE,3487,619
ZARATE,3487,616
ZARATE,3487,626
ZARATE,3487,625
ZARATE,3487,627
ZARATE,3487,629
ZARATE,3487,628
ZARATE,3487,632
ZARATE,3487,631
ZARATE,3487,630
ZARATE,3487,64
ZARATE,3487,66
ZARATE,3487,686
ZARATE,3487,684
ZARATE,3487,688
ZARATE,3487,685
ZARATE,3487,687
ZARATE,3487,657
ZARATE,3487,676
ZARATE,3487,680
ZARATE,3487,656
ZARATE,3487,675
ZARATE,3487,659
ZARATE,3487,658
ZARATE,3487,677
ZARATE,3487,678
ZARATE,3487,679
ZARATE,3487,655
ZARATE,3487,682
ZARATE,3487,683
ZARATE,3487,681
ZARATE,3487,329
ZARATE,3487,328
ZARATE,3487,330
ZARATE,3487,331
ZARATE,3487,332
ZARATE,3487,303
ZARATE,3487,325
ZARATE,3487,321
ZARATE,3487,322
ZARATE,3487,323
ZARATE,3487,324
ZARATE,3487,326
ZARATE,3487,31
ZARATE,3487,306
ZARATE,3487,305
ZARATE,3487,304
ZARATE,3487,307
ZARATE,3487,308
ZARATE,3487,327
ZARATE,3487,309
ZARATE,3487,320
ZARATE,3487,365
ZARATE,3487,364
ZARATE,3487,363
ZARATE,3487,362
ZARATE,3487,361
ZARATE,3487,366
ZARATE,3487,360
ZARATE,3487,220
ZARATE,3487,221
ZARATE,3487,222
ZARATE,3487,223
ZARATE,3487,224
ZARATE,3487,20
ZARATE,3487,21
ZARATE,3487,229
ZARATE,3487,23
ZARATE,3487,226
ZARATE,3487,225
ZARATE,3487,227
ZARATE,3487,228
ZARATE,3487,345
ZARATE,3487,346
ZARATE,3487,347
ZARATE,3487,2800
ZARATE,3487,2803
ZARATE,3487,2801
ZARATE,3487,2802
ZARATE,3487,2804
